assembly_id,cluster_id,cluster_size,split,split_version,allocation_seed,mash_distance_threshold,source_cluster_manifest_sha256
GCA_014881055.2,MASH_0002,124,development,dissertation_v1,20260820,0.01,8b31e8fe5cf15b6de88e8175fe1ec9700646e2684d50dccb19bbdc26ca47efea
GCA_014882805.2,MASH_0002,124,development,dissertation_v1,20260820,0.01,8b31e8fe5cf15b6de88e8175fe1ec9700646e2684d50dccb19bbdc26ca47efea
GCA_021387855.2,MASH_0002,124,development,dissertation_v1,20260820,0.01,8b31e8fe5cf15b6de88e8175fe1ec9700646e2684d50dccb19bbdc26ca47efea
GCA_023273785.1,MASH_0002,124,development,dissertation_v1,20260820,0.01,8b31e8fe5cf15b6de88e8175fe1ec9700646e2684d50dccb19bbdc26ca47efea
GCA_028634015.3,MASH_0002,124,development,dissertation_v1,20260820,0.01,8b31e8fe5cf15b6de88e8175fe1ec9700646e2684d50dccb19bbdc26ca47efea
GCA_034331205.2,MASH_0002,124,development,dissertation_v1,20260820,0.01,8b31e8fe5cf15b6de88e8175fe1ec9700646e2684d50dccb19bbdc26ca47efea
GCA_038069235.2,MASH_0002,124,development,dissertation_v1,20260820,0.01,8b31e8fe5cf15b6de88e8175fe1ec9700646e2684d50dccb19bbdc26ca47efea
GCA_038627255.2,MASH_0002,124,development,dissertation_v1,20260820,0.01,8b31e8fe5cf15b6de88e8175fe1ec9700646e2684d50dccb19bbdc26ca47efea
GCA_041292065.2,MASH_0002,124,development,dissertation_v1,20260820,0.01,8b31e8fe5cf15b6de88e8175fe1ec9700646e2684d50dccb19bbdc26ca47efea
GCA_042165515.2,MASH_0002,124,development,dissertation_v1,20260820,0.01,8b31e8fe5cf15b6de88e8175fe1ec9700646e2684d50dccb19bbdc26ca47efea
GCA_042209675.2,MASH_0002,124,development,dissertation_v1,20260820,0.01,8b31e8fe5cf15b6de88e8175fe1ec9700646e2684d50dccb19bbdc26ca47efea
GCA_043647235.2,MASH_0002,124,development,dissertation_v1,20260820,0.01,8b31e8fe5cf15b6de88e8175fe1ec9700646e2684d50dccb19bbdc26ca47efea
GCA_052398755.1,MASH_0002,124,development,dissertation_v1,20260820,0.01,8b31e8fe5cf15b6de88e8175fe1ec9700646e2684d50dccb19bbdc26ca47efea
GCA_052399425.1,MASH_0002,124,development,dissertation_v1,20260820,0.01,8b31e8fe5cf15b6de88e8175fe1ec9700646e2684d50dccb19bbdc26ca47efea
GCA_056504615.1,MASH_0002,124,development,dissertation_v1,20260820,0.01,8b31e8fe5cf15b6de88e8175fe1ec9700646e2684d50dccb19bbdc26ca47efea
GCF_000828795.1,MASH_0002,124,development,dissertation_v1,20260820,0.01,8b31e8fe5cf15b6de88e8175fe1ec9700646e2684d50dccb19bbdc26ca47efea
GCF_001668465.2,MASH_0002,124,development,dissertation_v1,20260820,0.01,8b31e8fe5cf15b6de88e8175fe1ec9700646e2684d50dccb19bbdc26ca47efea
GCF_001669145.2,MASH_0002,124,development,dissertation_v1,20260820,0.01,8b31e8fe5cf15b6de88e8175fe1ec9700646e2684d50dccb19bbdc26ca47efea
GCF_001922245.1,MASH_0002,124,development,dissertation_v1,20260820,0.01,8b31e8fe5cf15b6de88e8175fe1ec9700646e2684d50dccb19bbdc26ca47efea
GCF_002082745.1,MASH_0002,124,development,dissertation_v1,20260820,0.01,8b31e8fe5cf15b6de88e8175fe1ec9700646e2684d50dccb19bbdc26ca47efea
GCF_003029495.1,MASH_0002,124,development,dissertation_v1,20260820,0.01,8b31e8fe5cf15b6de88e8175fe1ec9700646e2684d50dccb19bbdc26ca47efea
GCF_003931775.1,MASH_0002,124,development,dissertation_v1,20260820,0.01,8b31e8fe5cf15b6de88e8175fe1ec9700646e2684d50dccb19bbdc26ca47efea
GCF_005280695.1,MASH_0002,124,development,dissertation_v1,20260820,0.01,8b31e8fe5cf15b6de88e8175fe1ec9700646e2684d50dccb19bbdc26ca47efea
GCF_005519135.2,MASH_0002,124,development,dissertation_v1,20260820,0.01,8b31e8fe5cf15b6de88e8175fe1ec9700646e2684d50dccb19bbdc26ca47efea
GCF_005671375.1,MASH_0002,124,development,dissertation_v1,20260820,0.01,8b31e8fe5cf15b6de88e8175fe1ec9700646e2684d50dccb19bbdc26ca47efea
GCF_007221455.1,MASH_0002,124,development,dissertation_v1,20260820,0.01,8b31e8fe5cf15b6de88e8175fe1ec9700646e2684d50dccb19bbdc26ca47efea
GCF_011067065.1,MASH_0002,124,development,dissertation_v1,20260820,0.01,8b31e8fe5cf15b6de88e8175fe1ec9700646e2684d50dccb19bbdc26ca47efea
GCF_012272735.1,MASH_0002,124,development,dissertation_v1,20260820,0.01,8b31e8fe5cf15b6de88e8175fe1ec9700646e2684d50dccb19bbdc26ca47efea
GCF_012934965.1,MASH_0002,124,development,dissertation_v1,20260820,0.01,8b31e8fe5cf15b6de88e8175fe1ec9700646e2684d50dccb19bbdc26ca47efea
GCF_012935065.1,MASH_0002,124,development,dissertation_v1,20260820,0.01,8b31e8fe5cf15b6de88e8175fe1ec9700646e2684d50dccb19bbdc26ca47efea
GCF_012935145.1,MASH_0002,124,development,dissertation_v1,20260820,0.01,8b31e8fe5cf15b6de88e8175fe1ec9700646e2684d50dccb19bbdc26ca47efea
GCF_012935185.1,MASH_0002,124,development,dissertation_v1,20260820,0.01,8b31e8fe5cf15b6de88e8175fe1ec9700646e2684d50dccb19bbdc26ca47efea
GCF_012974845.1,MASH_0002,124,development,dissertation_v1,20260820,0.01,8b31e8fe5cf15b6de88e8175fe1ec9700646e2684d50dccb19bbdc26ca47efea
GCF_013305465.1,MASH_0002,124,development,dissertation_v1,20260820,0.01,8b31e8fe5cf15b6de88e8175fe1ec9700646e2684d50dccb19bbdc26ca47efea
GCF_016865465.1,MASH_0002,124,development,dissertation_v1,20260820,0.01,8b31e8fe5cf15b6de88e8175fe1ec9700646e2684d50dccb19bbdc26ca47efea
GCF_016903135.1,MASH_0002,124,development,dissertation_v1,20260820,0.01,8b31e8fe5cf15b6de88e8175fe1ec9700646e2684d50dccb19bbdc26ca47efea
GCF_016903215.1,MASH_0002,124,development,dissertation_v1,20260820,0.01,8b31e8fe5cf15b6de88e8175fe1ec9700646e2684d50dccb19bbdc26ca47efea
GCF_021730415.1,MASH_0002,124,development,dissertation_v1,20260820,0.01,8b31e8fe5cf15b6de88e8175fe1ec9700646e2684d50dccb19bbdc26ca47efea
GCF_022459295.1,MASH_0002,124,development,dissertation_v1,20260820,0.01,8b31e8fe5cf15b6de88e8175fe1ec9700646e2684d50dccb19bbdc26ca47efea
GCF_022459875.1,MASH_0002,124,development,dissertation_v1,20260820,0.01,8b31e8fe5cf15b6de88e8175fe1ec9700646e2684d50dccb19bbdc26ca47efea
GCF_022460575.1,MASH_0002,124,development,dissertation_v1,20260820,0.01,8b31e8fe5cf15b6de88e8175fe1ec9700646e2684d50dccb19bbdc26ca47efea
GCF_022467435.1,MASH_0002,124,development,dissertation_v1,20260820,0.01,8b31e8fe5cf15b6de88e8175fe1ec9700646e2684d50dccb19bbdc26ca47efea
GCF_022467735.1,MASH_0002,124,development,dissertation_v1,20260820,0.01,8b31e8fe5cf15b6de88e8175fe1ec9700646e2684d50dccb19bbdc26ca47efea
GCF_022467905.1,MASH_0002,124,development,dissertation_v1,20260820,0.01,8b31e8fe5cf15b6de88e8175fe1ec9700646e2684d50dccb19bbdc26ca47efea
GCF_022467975.1,MASH_0002,124,development,dissertation_v1,20260820,0.01,8b31e8fe5cf15b6de88e8175fe1ec9700646e2684d50dccb19bbdc26ca47efea
GCF_022468295.1,MASH_0002,124,development,dissertation_v1,20260820,0.01,8b31e8fe5cf15b6de88e8175fe1ec9700646e2684d50dccb19bbdc26ca47efea
GCF_022468565.1,MASH_0002,124,development,dissertation_v1,20260820,0.01,8b31e8fe5cf15b6de88e8175fe1ec9700646e2684d50dccb19bbdc26ca47efea
GCF_022468795.1,MASH_0002,124,development,dissertation_v1,20260820,0.01,8b31e8fe5cf15b6de88e8175fe1ec9700646e2684d50dccb19bbdc26ca47efea
GCF_022759565.1,MASH_0002,124,development,dissertation_v1,20260820,0.01,8b31e8fe5cf15b6de88e8175fe1ec9700646e2684d50dccb19bbdc26ca47efea
GCF_023221535.1,MASH_0002,124,development,dissertation_v1,20260820,0.01,8b31e8fe5cf15b6de88e8175fe1ec9700646e2684d50dccb19bbdc26ca47efea
GCF_023361015.1,MASH_0002,124,development,dissertation_v1,20260820,0.01,8b31e8fe5cf15b6de88e8175fe1ec9700646e2684d50dccb19bbdc26ca47efea
GCF_023361175.1,MASH_0002,124,development,dissertation_v1,20260820,0.01,8b31e8fe5cf15b6de88e8175fe1ec9700646e2684d50dccb19bbdc26ca47efea
GCF_023361915.1,MASH_0002,124,development,dissertation_v1,20260820,0.01,8b31e8fe5cf15b6de88e8175fe1ec9700646e2684d50dccb19bbdc26ca47efea
GCF_023362115.1,MASH_0002,124,development,dissertation_v1,20260820,0.01,8b31e8fe5cf15b6de88e8175fe1ec9700646e2684d50dccb19bbdc26ca47efea
GCF_023362215.1,MASH_0002,124,development,dissertation_v1,20260820,0.01,8b31e8fe5cf15b6de88e8175fe1ec9700646e2684d50dccb19bbdc26ca47efea
GCF_023362275.1,MASH_0002,124,development,dissertation_v1,20260820,0.01,8b31e8fe5cf15b6de88e8175fe1ec9700646e2684d50dccb19bbdc26ca47efea
GCF_023517195.1,MASH_0002,124,development,dissertation_v1,20260820,0.01,8b31e8fe5cf15b6de88e8175fe1ec9700646e2684d50dccb19bbdc26ca47efea
GCF_023517215.1,MASH_0002,124,development,dissertation_v1,20260820,0.01,8b31e8fe5cf15b6de88e8175fe1ec9700646e2684d50dccb19bbdc26ca47efea
GCF_023517695.1,MASH_0002,124,development,dissertation_v1,20260820,0.01,8b31e8fe5cf15b6de88e8175fe1ec9700646e2684d50dccb19bbdc26ca47efea
GCF_023517715.1,MASH_0002,124,development,dissertation_v1,20260820,0.01,8b31e8fe5cf15b6de88e8175fe1ec9700646e2684d50dccb19bbdc26ca47efea
GCF_024732425.1,MASH_0002,124,development,dissertation_v1,20260820,0.01,8b31e8fe5cf15b6de88e8175fe1ec9700646e2684d50dccb19bbdc26ca47efea
GCF_024749545.1,MASH_0002,124,development,dissertation_v1,20260820,0.01,8b31e8fe5cf15b6de88e8175fe1ec9700646e2684d50dccb19bbdc26ca47efea
GCF_024749765.1,MASH_0002,124,development,dissertation_v1,20260820,0.01,8b31e8fe5cf15b6de88e8175fe1ec9700646e2684d50dccb19bbdc26ca47efea
GCF_025722955.1,MASH_0002,124,development,dissertation_v1,20260820,0.01,8b31e8fe5cf15b6de88e8175fe1ec9700646e2684d50dccb19bbdc26ca47efea
GCF_025854015.1,MASH_0002,124,development,dissertation_v1,20260820,0.01,8b31e8fe5cf15b6de88e8175fe1ec9700646e2684d50dccb19bbdc26ca47efea
GCF_027943685.1,MASH_0002,124,development,dissertation_v1,20260820,0.01,8b31e8fe5cf15b6de88e8175fe1ec9700646e2684d50dccb19bbdc26ca47efea
GCF_028464005.1,MASH_0002,124,development,dissertation_v1,20260820,0.01,8b31e8fe5cf15b6de88e8175fe1ec9700646e2684d50dccb19bbdc26ca47efea
GCF_028753295.1,MASH_0002,124,development,dissertation_v1,20260820,0.01,8b31e8fe5cf15b6de88e8175fe1ec9700646e2684d50dccb19bbdc26ca47efea
GCF_029713785.1,MASH_0002,124,development,dissertation_v1,20260820,0.01,8b31e8fe5cf15b6de88e8175fe1ec9700646e2684d50dccb19bbdc26ca47efea
GCF_029713865.1,MASH_0002,124,development,dissertation_v1,20260820,0.01,8b31e8fe5cf15b6de88e8175fe1ec9700646e2684d50dccb19bbdc26ca47efea
GCF_029713925.1,MASH_0002,124,development,dissertation_v1,20260820,0.01,8b31e8fe5cf15b6de88e8175fe1ec9700646e2684d50dccb19bbdc26ca47efea
GCF_029714005.1,MASH_0002,124,development,dissertation_v1,20260820,0.01,8b31e8fe5cf15b6de88e8175fe1ec9700646e2684d50dccb19bbdc26ca47efea
GCF_029714105.1,MASH_0002,124,development,dissertation_v1,20260820,0.01,8b31e8fe5cf15b6de88e8175fe1ec9700646e2684d50dccb19bbdc26ca47efea
GCF_029774275.1,MASH_0002,124,development,dissertation_v1,20260820,0.01,8b31e8fe5cf15b6de88e8175fe1ec9700646e2684d50dccb19bbdc26ca47efea
GCF_030168245.1,MASH_0002,124,development,dissertation_v1,20260820,0.01,8b31e8fe5cf15b6de88e8175fe1ec9700646e2684d50dccb19bbdc26ca47efea
GCF_030168285.1,MASH_0002,124,development,dissertation_v1,20260820,0.01,8b31e8fe5cf15b6de88e8175fe1ec9700646e2684d50dccb19bbdc26ca47efea
GCF_033378915.2,MASH_0002,124,development,dissertation_v1,20260820,0.01,8b31e8fe5cf15b6de88e8175fe1ec9700646e2684d50dccb19bbdc26ca47efea
GCF_036287275.1,MASH_0002,124,development,dissertation_v1,20260820,0.01,8b31e8fe5cf15b6de88e8175fe1ec9700646e2684d50dccb19bbdc26ca47efea
GCF_036870965.1,MASH_0002,124,development,dissertation_v1,20260820,0.01,8b31e8fe5cf15b6de88e8175fe1ec9700646e2684d50dccb19bbdc26ca47efea
GCF_037215885.1,MASH_0002,124,development,dissertation_v1,20260820,0.01,8b31e8fe5cf15b6de88e8175fe1ec9700646e2684d50dccb19bbdc26ca47efea
GCF_038441205.1,MASH_0002,124,development,dissertation_v1,20260820,0.01,8b31e8fe5cf15b6de88e8175fe1ec9700646e2684d50dccb19bbdc26ca47efea
GCF_038441225.1,MASH_0002,124,development,dissertation_v1,20260820,0.01,8b31e8fe5cf15b6de88e8175fe1ec9700646e2684d50dccb19bbdc26ca47efea
GCF_038441235.1,MASH_0002,124,development,dissertation_v1,20260820,0.01,8b31e8fe5cf15b6de88e8175fe1ec9700646e2684d50dccb19bbdc26ca47efea
GCF_038987955.1,MASH_0002,124,development,dissertation_v1,20260820,0.01,8b31e8fe5cf15b6de88e8175fe1ec9700646e2684d50dccb19bbdc26ca47efea
GCF_038995905.1,MASH_0002,124,development,dissertation_v1,20260820,0.01,8b31e8fe5cf15b6de88e8175fe1ec9700646e2684d50dccb19bbdc26ca47efea
GCF_038998165.1,MASH_0002,124,development,dissertation_v1,20260820,0.01,8b31e8fe5cf15b6de88e8175fe1ec9700646e2684d50dccb19bbdc26ca47efea
GCF_040822405.1,MASH_0002,124,development,dissertation_v1,20260820,0.01,8b31e8fe5cf15b6de88e8175fe1ec9700646e2684d50dccb19bbdc26ca47efea
GCF_041154815.1,MASH_0002,124,development,dissertation_v1,20260820,0.01,8b31e8fe5cf15b6de88e8175fe1ec9700646e2684d50dccb19bbdc26ca47efea
GCF_042140585.1,MASH_0002,124,development,dissertation_v1,20260820,0.01,8b31e8fe5cf15b6de88e8175fe1ec9700646e2684d50dccb19bbdc26ca47efea
GCF_042145845.1,MASH_0002,124,development,dissertation_v1,20260820,0.01,8b31e8fe5cf15b6de88e8175fe1ec9700646e2684d50dccb19bbdc26ca47efea
GCF_043038945.1,MASH_0002,124,development,dissertation_v1,20260820,0.01,8b31e8fe5cf15b6de88e8175fe1ec9700646e2684d50dccb19bbdc26ca47efea
GCF_043043455.1,MASH_0002,124,development,dissertation_v1,20260820,0.01,8b31e8fe5cf15b6de88e8175fe1ec9700646e2684d50dccb19bbdc26ca47efea
GCF_043044755.1,MASH_0002,124,development,dissertation_v1,20260820,0.01,8b31e8fe5cf15b6de88e8175fe1ec9700646e2684d50dccb19bbdc26ca47efea
GCF_043045365.1,MASH_0002,124,development,dissertation_v1,20260820,0.01,8b31e8fe5cf15b6de88e8175fe1ec9700646e2684d50dccb19bbdc26ca47efea
GCF_043046865.1,MASH_0002,124,development,dissertation_v1,20260820,0.01,8b31e8fe5cf15b6de88e8175fe1ec9700646e2684d50dccb19bbdc26ca47efea
GCF_043051495.1,MASH_0002,124,development,dissertation_v1,20260820,0.01,8b31e8fe5cf15b6de88e8175fe1ec9700646e2684d50dccb19bbdc26ca47efea
GCF_043052795.1,MASH_0002,124,development,dissertation_v1,20260820,0.01,8b31e8fe5cf15b6de88e8175fe1ec9700646e2684d50dccb19bbdc26ca47efea
GCF_043053445.1,MASH_0002,124,development,dissertation_v1,20260820,0.01,8b31e8fe5cf15b6de88e8175fe1ec9700646e2684d50dccb19bbdc26ca47efea
GCF_043054745.1,MASH_0002,124,development,dissertation_v1,20260820,0.01,8b31e8fe5cf15b6de88e8175fe1ec9700646e2684d50dccb19bbdc26ca47efea
GCF_046097175.1,MASH_0002,124,development,dissertation_v1,20260820,0.01,8b31e8fe5cf15b6de88e8175fe1ec9700646e2684d50dccb19bbdc26ca47efea
GCF_046097185.1,MASH_0002,124,development,dissertation_v1,20260820,0.01,8b31e8fe5cf15b6de88e8175fe1ec9700646e2684d50dccb19bbdc26ca47efea
GCF_046097205.1,MASH_0002,124,development,dissertation_v1,20260820,0.01,8b31e8fe5cf15b6de88e8175fe1ec9700646e2684d50dccb19bbdc26ca47efea
GCF_048480215.1,MASH_0002,124,development,dissertation_v1,20260820,0.01,8b31e8fe5cf15b6de88e8175fe1ec9700646e2684d50dccb19bbdc26ca47efea
GCF_048635235.1,MASH_0002,124,development,dissertation_v1,20260820,0.01,8b31e8fe5cf15b6de88e8175fe1ec9700646e2684d50dccb19bbdc26ca47efea
GCF_048636145.1,MASH_0002,124,development,dissertation_v1,20260820,0.01,8b31e8fe5cf15b6de88e8175fe1ec9700646e2684d50dccb19bbdc26ca47efea
GCF_048636155.1,MASH_0002,124,development,dissertation_v1,20260820,0.01,8b31e8fe5cf15b6de88e8175fe1ec9700646e2684d50dccb19bbdc26ca47efea
GCF_050320315.1,MASH_0002,124,development,dissertation_v1,20260820,0.01,8b31e8fe5cf15b6de88e8175fe1ec9700646e2684d50dccb19bbdc26ca47efea
GCF_050500295.1,MASH_0002,124,development,dissertation_v1,20260820,0.01,8b31e8fe5cf15b6de88e8175fe1ec9700646e2684d50dccb19bbdc26ca47efea
GCF_051356365.1,MASH_0002,124,development,dissertation_v1,20260820,0.01,8b31e8fe5cf15b6de88e8175fe1ec9700646e2684d50dccb19bbdc26ca47efea
GCF_052053485.1,MASH_0002,124,development,dissertation_v1,20260820,0.01,8b31e8fe5cf15b6de88e8175fe1ec9700646e2684d50dccb19bbdc26ca47efea
GCF_052055445.1,MASH_0002,124,development,dissertation_v1,20260820,0.01,8b31e8fe5cf15b6de88e8175fe1ec9700646e2684d50dccb19bbdc26ca47efea
GCF_052055455.1,MASH_0002,124,development,dissertation_v1,20260820,0.01,8b31e8fe5cf15b6de88e8175fe1ec9700646e2684d50dccb19bbdc26ca47efea
GCF_053151155.1,MASH_0002,124,development,dissertation_v1,20260820,0.01,8b31e8fe5cf15b6de88e8175fe1ec9700646e2684d50dccb19bbdc26ca47efea
GCF_053175715.1,MASH_0002,124,development,dissertation_v1,20260820,0.01,8b31e8fe5cf15b6de88e8175fe1ec9700646e2684d50dccb19bbdc26ca47efea
GCF_054901555.1,MASH_0002,124,development,dissertation_v1,20260820,0.01,8b31e8fe5cf15b6de88e8175fe1ec9700646e2684d50dccb19bbdc26ca47efea
GCF_056115525.1,MASH_0002,124,development,dissertation_v1,20260820,0.01,8b31e8fe5cf15b6de88e8175fe1ec9700646e2684d50dccb19bbdc26ca47efea
GCF_056115625.1,MASH_0002,124,development,dissertation_v1,20260820,0.01,8b31e8fe5cf15b6de88e8175fe1ec9700646e2684d50dccb19bbdc26ca47efea
GCF_056115685.1,MASH_0002,124,development,dissertation_v1,20260820,0.01,8b31e8fe5cf15b6de88e8175fe1ec9700646e2684d50dccb19bbdc26ca47efea
GCF_056115825.1,MASH_0002,124,development,dissertation_v1,20260820,0.01,8b31e8fe5cf15b6de88e8175fe1ec9700646e2684d50dccb19bbdc26ca47efea
GCF_056115855.1,MASH_0002,124,development,dissertation_v1,20260820,0.01,8b31e8fe5cf15b6de88e8175fe1ec9700646e2684d50dccb19bbdc26ca47efea
GCF_056115955.1,MASH_0002,124,development,dissertation_v1,20260820,0.01,8b31e8fe5cf15b6de88e8175fe1ec9700646e2684d50dccb19bbdc26ca47efea
GCF_056136145.1,MASH_0002,124,development,dissertation_v1,20260820,0.01,8b31e8fe5cf15b6de88e8175fe1ec9700646e2684d50dccb19bbdc26ca47efea
GCF_056385705.1,MASH_0002,124,development,dissertation_v1,20260820,0.01,8b31e8fe5cf15b6de88e8175fe1ec9700646e2684d50dccb19bbdc26ca47efea
GCF_900088705.1,MASH_0002,124,development,dissertation_v1,20260820,0.01,8b31e8fe5cf15b6de88e8175fe1ec9700646e2684d50dccb19bbdc26ca47efea
GCA_036718155.2,MASH_0004,3,development,dissertation_v1,20260820,0.01,8b31e8fe5cf15b6de88e8175fe1ec9700646e2684d50dccb19bbdc26ca47efea
GCF_016506985.2,MASH_0004,3,development,dissertation_v1,20260820,0.01,8b31e8fe5cf15b6de88e8175fe1ec9700646e2684d50dccb19bbdc26ca47efea
GCF_030585265.1,MASH_0004,3,development,dissertation_v1,20260820,0.01,8b31e8fe5cf15b6de88e8175fe1ec9700646e2684d50dccb19bbdc26ca47efea
GCA_052390855.1,MASH_0007,1,development,dissertation_v1,20260820,0.01,8b31e8fe5cf15b6de88e8175fe1ec9700646e2684d50dccb19bbdc26ca47efea
GCA_052391215.1,MASH_0010,1,development,dissertation_v1,20260820,0.01,8b31e8fe5cf15b6de88e8175fe1ec9700646e2684d50dccb19bbdc26ca47efea
GCA_052395045.1,MASH_0012,3,development,dissertation_v1,20260820,0.01,8b31e8fe5cf15b6de88e8175fe1ec9700646e2684d50dccb19bbdc26ca47efea
GCA_052396345.1,MASH_0012,3,development,dissertation_v1,20260820,0.01,8b31e8fe5cf15b6de88e8175fe1ec9700646e2684d50dccb19bbdc26ca47efea
GCA_052396815.1,MASH_0012,3,development,dissertation_v1,20260820,0.01,8b31e8fe5cf15b6de88e8175fe1ec9700646e2684d50dccb19bbdc26ca47efea
GCA_052395415.1,MASH_0014,1,development,dissertation_v1,20260820,0.01,8b31e8fe5cf15b6de88e8175fe1ec9700646e2684d50dccb19bbdc26ca47efea
GCA_052395845.1,MASH_0015,3,development,dissertation_v1,20260820,0.01,8b31e8fe5cf15b6de88e8175fe1ec9700646e2684d50dccb19bbdc26ca47efea
GCA_052396005.1,MASH_0015,3,development,dissertation_v1,20260820,0.01,8b31e8fe5cf15b6de88e8175fe1ec9700646e2684d50dccb19bbdc26ca47efea
GCA_052398255.1,MASH_0015,3,development,dissertation_v1,20260820,0.01,8b31e8fe5cf15b6de88e8175fe1ec9700646e2684d50dccb19bbdc26ca47efea
GCA_052396545.1,MASH_0017,1,development,dissertation_v1,20260820,0.01,8b31e8fe5cf15b6de88e8175fe1ec9700646e2684d50dccb19bbdc26ca47efea
GCA_052396885.1,MASH_0018,1,development,dissertation_v1,20260820,0.01,8b31e8fe5cf15b6de88e8175fe1ec9700646e2684d50dccb19bbdc26ca47efea
GCA_052429135.1,MASH_0026,1,development,dissertation_v1,20260820,0.01,8b31e8fe5cf15b6de88e8175fe1ec9700646e2684d50dccb19bbdc26ca47efea
GCA_052430155.1,MASH_0027,1,development,dissertation_v1,20260820,0.01,8b31e8fe5cf15b6de88e8175fe1ec9700646e2684d50dccb19bbdc26ca47efea
GCA_052440925.1,MASH_0030,1,development,dissertation_v1,20260820,0.01,8b31e8fe5cf15b6de88e8175fe1ec9700646e2684d50dccb19bbdc26ca47efea
GCF_000069245.1,MASH_0032,22,development,dissertation_v1,20260820,0.01,8b31e8fe5cf15b6de88e8175fe1ec9700646e2684d50dccb19bbdc26ca47efea
GCF_001399655.1,MASH_0032,22,development,dissertation_v1,20260820,0.01,8b31e8fe5cf15b6de88e8175fe1ec9700646e2684d50dccb19bbdc26ca47efea
GCF_002210065.1,MASH_0032,22,development,dissertation_v1,20260820,0.01,8b31e8fe5cf15b6de88e8175fe1ec9700646e2684d50dccb19bbdc26ca47efea
GCF_003296225.1,MASH_0032,22,development,dissertation_v1,20260820,0.01,8b31e8fe5cf15b6de88e8175fe1ec9700646e2684d50dccb19bbdc26ca47efea
GCF_012935005.1,MASH_0032,22,development,dissertation_v1,20260820,0.01,8b31e8fe5cf15b6de88e8175fe1ec9700646e2684d50dccb19bbdc26ca47efea
GCF_016127515.1,MASH_0032,22,development,dissertation_v1,20260820,0.01,8b31e8fe5cf15b6de88e8175fe1ec9700646e2684d50dccb19bbdc26ca47efea
GCF_016919505.2,MASH_0032,22,development,dissertation_v1,20260820,0.01,8b31e8fe5cf15b6de88e8175fe1ec9700646e2684d50dccb19bbdc26ca47efea
GCF_019458485.1,MASH_0032,22,development,dissertation_v1,20260820,0.01,8b31e8fe5cf15b6de88e8175fe1ec9700646e2684d50dccb19bbdc26ca47efea
GCF_022459415.1,MASH_0032,22,development,dissertation_v1,20260820,0.01,8b31e8fe5cf15b6de88e8175fe1ec9700646e2684d50dccb19bbdc26ca47efea
GCF_022467655.1,MASH_0032,22,development,dissertation_v1,20260820,0.01,8b31e8fe5cf15b6de88e8175fe1ec9700646e2684d50dccb19bbdc26ca47efea
GCF_024139095.1,MASH_0032,22,development,dissertation_v1,20260820,0.01,8b31e8fe5cf15b6de88e8175fe1ec9700646e2684d50dccb19bbdc26ca47efea
GCF_024749485.1,MASH_0032,22,development,dissertation_v1,20260820,0.01,8b31e8fe5cf15b6de88e8175fe1ec9700646e2684d50dccb19bbdc26ca47efea
GCF_028201495.1,MASH_0032,22,development,dissertation_v1,20260820,0.01,8b31e8fe5cf15b6de88e8175fe1ec9700646e2684d50dccb19bbdc26ca47efea
GCF_039545565.1,MASH_0032,22,development,dissertation_v1,20260820,0.01,8b31e8fe5cf15b6de88e8175fe1ec9700646e2684d50dccb19bbdc26ca47efea
GCF_039779435.1,MASH_0032,22,development,dissertation_v1,20260820,0.01,8b31e8fe5cf15b6de88e8175fe1ec9700646e2684d50dccb19bbdc26ca47efea
GCF_039780165.1,MASH_0032,22,development,dissertation_v1,20260820,0.01,8b31e8fe5cf15b6de88e8175fe1ec9700646e2684d50dccb19bbdc26ca47efea
GCF_040834015.1,MASH_0032,22,development,dissertation_v1,20260820,0.01,8b31e8fe5cf15b6de88e8175fe1ec9700646e2684d50dccb19bbdc26ca47efea
GCF_042140575.1,MASH_0032,22,development,dissertation_v1,20260820,0.01,8b31e8fe5cf15b6de88e8175fe1ec9700646e2684d50dccb19bbdc26ca47efea
GCF_043042805.1,MASH_0032,22,development,dissertation_v1,20260820,0.01,8b31e8fe5cf15b6de88e8175fe1ec9700646e2684d50dccb19bbdc26ca47efea
GCF_046097195.1,MASH_0032,22,development,dissertation_v1,20260820,0.01,8b31e8fe5cf15b6de88e8175fe1ec9700646e2684d50dccb19bbdc26ca47efea
GCF_047227755.2,MASH_0032,22,development,dissertation_v1,20260820,0.01,8b31e8fe5cf15b6de88e8175fe1ec9700646e2684d50dccb19bbdc26ca47efea
GCF_056115905.1,MASH_0032,22,development,dissertation_v1,20260820,0.01,8b31e8fe5cf15b6de88e8175fe1ec9700646e2684d50dccb19bbdc26ca47efea
GCF_001517645.1,MASH_0033,2,development,dissertation_v1,20260820,0.01,8b31e8fe5cf15b6de88e8175fe1ec9700646e2684d50dccb19bbdc26ca47efea
GCF_023809705.1,MASH_0033,2,development,dissertation_v1,20260820,0.01,8b31e8fe5cf15b6de88e8175fe1ec9700646e2684d50dccb19bbdc26ca47efea
GCF_003522665.1,MASH_0036,6,development,dissertation_v1,20260820,0.01,8b31e8fe5cf15b6de88e8175fe1ec9700646e2684d50dccb19bbdc26ca47efea
GCF_009497995.1,MASH_0036,6,development,dissertation_v1,20260820,0.01,8b31e8fe5cf15b6de88e8175fe1ec9700646e2684d50dccb19bbdc26ca47efea
GCF_024139035.1,MASH_0036,6,development,dissertation_v1,20260820,0.01,8b31e8fe5cf15b6de88e8175fe1ec9700646e2684d50dccb19bbdc26ca47efea
GCF_025258705.1,MASH_0036,6,development,dissertation_v1,20260820,0.01,8b31e8fe5cf15b6de88e8175fe1ec9700646e2684d50dccb19bbdc26ca47efea
GCF_050030185.1,MASH_0036,6,development,dissertation_v1,20260820,0.01,8b31e8fe5cf15b6de88e8175fe1ec9700646e2684d50dccb19bbdc26ca47efea
GCF_051294665.1,MASH_0036,6,development,dissertation_v1,20260820,0.01,8b31e8fe5cf15b6de88e8175fe1ec9700646e2684d50dccb19bbdc26ca47efea
GCF_004768705.1,MASH_0037,4,development,dissertation_v1,20260820,0.01,8b31e8fe5cf15b6de88e8175fe1ec9700646e2684d50dccb19bbdc26ca47efea
GCF_020132105.1,MASH_0037,4,development,dissertation_v1,20260820,0.01,8b31e8fe5cf15b6de88e8175fe1ec9700646e2684d50dccb19bbdc26ca47efea
GCF_041014305.2,MASH_0037,4,development,dissertation_v1,20260820,0.01,8b31e8fe5cf15b6de88e8175fe1ec9700646e2684d50dccb19bbdc26ca47efea
GCF_056136325.1,MASH_0037,4,development,dissertation_v1,20260820,0.01,8b31e8fe5cf15b6de88e8175fe1ec9700646e2684d50dccb19bbdc26ca47efea
GCF_005280435.1,MASH_0038,3,development,dissertation_v1,20260820,0.01,8b31e8fe5cf15b6de88e8175fe1ec9700646e2684d50dccb19bbdc26ca47efea
GCF_017723975.1,MASH_0038,3,development,dissertation_v1,20260820,0.01,8b31e8fe5cf15b6de88e8175fe1ec9700646e2684d50dccb19bbdc26ca47efea
GCF_041154855.1,MASH_0038,3,development,dissertation_v1,20260820,0.01,8b31e8fe5cf15b6de88e8175fe1ec9700646e2684d50dccb19bbdc26ca47efea
GCF_007107525.1,MASH_0039,1,development,dissertation_v1,20260820,0.01,8b31e8fe5cf15b6de88e8175fe1ec9700646e2684d50dccb19bbdc26ca47efea
GCF_012931625.1,MASH_0040,4,development,dissertation_v1,20260820,0.01,8b31e8fe5cf15b6de88e8175fe1ec9700646e2684d50dccb19bbdc26ca47efea
GCF_024749525.1,MASH_0040,4,development,dissertation_v1,20260820,0.01,8b31e8fe5cf15b6de88e8175fe1ec9700646e2684d50dccb19bbdc26ca47efea
GCF_050032335.1,MASH_0040,4,development,dissertation_v1,20260820,0.01,8b31e8fe5cf15b6de88e8175fe1ec9700646e2684d50dccb19bbdc26ca47efea
GCF_052186105.1,MASH_0040,4,development,dissertation_v1,20260820,0.01,8b31e8fe5cf15b6de88e8175fe1ec9700646e2684d50dccb19bbdc26ca47efea
GCF_014719435.1,MASH_0043,1,development,dissertation_v1,20260820,0.01,8b31e8fe5cf15b6de88e8175fe1ec9700646e2684d50dccb19bbdc26ca47efea
GCF_015602685.1,MASH_0045,3,development,dissertation_v1,20260820,0.01,8b31e8fe5cf15b6de88e8175fe1ec9700646e2684d50dccb19bbdc26ca47efea
GCF_041021905.1,MASH_0045,3,development,dissertation_v1,20260820,0.01,8b31e8fe5cf15b6de88e8175fe1ec9700646e2684d50dccb19bbdc26ca47efea
GCF_056340895.1,MASH_0045,3,development,dissertation_v1,20260820,0.01,8b31e8fe5cf15b6de88e8175fe1ec9700646e2684d50dccb19bbdc26ca47efea
GCF_015910475.1,MASH_0046,3,development,dissertation_v1,20260820,0.01,8b31e8fe5cf15b6de88e8175fe1ec9700646e2684d50dccb19bbdc26ca47efea
GCF_019331655.1,MASH_0046,3,development,dissertation_v1,20260820,0.01,8b31e8fe5cf15b6de88e8175fe1ec9700646e2684d50dccb19bbdc26ca47efea
GCF_022369355.1,MASH_0046,3,development,dissertation_v1,20260820,0.01,8b31e8fe5cf15b6de88e8175fe1ec9700646e2684d50dccb19bbdc26ca47efea
GCF_022466815.1,MASH_0048,1,development,dissertation_v1,20260820,0.01,8b31e8fe5cf15b6de88e8175fe1ec9700646e2684d50dccb19bbdc26ca47efea
GCF_024138435.1,MASH_0049,2,development,dissertation_v1,20260820,0.01,8b31e8fe5cf15b6de88e8175fe1ec9700646e2684d50dccb19bbdc26ca47efea
GCF_055521135.1,MASH_0049,2,development,dissertation_v1,20260820,0.01,8b31e8fe5cf15b6de88e8175fe1ec9700646e2684d50dccb19bbdc26ca47efea
GCF_025854095.1,MASH_0054,3,development,dissertation_v1,20260820,0.01,8b31e8fe5cf15b6de88e8175fe1ec9700646e2684d50dccb19bbdc26ca47efea
GCF_054897905.1,MASH_0054,3,development,dissertation_v1,20260820,0.01,8b31e8fe5cf15b6de88e8175fe1ec9700646e2684d50dccb19bbdc26ca47efea
GCF_056429515.1,MASH_0054,3,development,dissertation_v1,20260820,0.01,8b31e8fe5cf15b6de88e8175fe1ec9700646e2684d50dccb19bbdc26ca47efea
GCF_029223565.1,MASH_0056,2,development,dissertation_v1,20260820,0.01,8b31e8fe5cf15b6de88e8175fe1ec9700646e2684d50dccb19bbdc26ca47efea
GCF_029774195.1,MASH_0056,2,development,dissertation_v1,20260820,0.01,8b31e8fe5cf15b6de88e8175fe1ec9700646e2684d50dccb19bbdc26ca47efea
GCF_029582015.1,MASH_0057,1,development,dissertation_v1,20260820,0.01,8b31e8fe5cf15b6de88e8175fe1ec9700646e2684d50dccb19bbdc26ca47efea
GCF_029674825.1,MASH_0058,1,development,dissertation_v1,20260820,0.01,8b31e8fe5cf15b6de88e8175fe1ec9700646e2684d50dccb19bbdc26ca47efea
GCF_029931545.1,MASH_0059,1,development,dissertation_v1,20260820,0.01,8b31e8fe5cf15b6de88e8175fe1ec9700646e2684d50dccb19bbdc26ca47efea
GCF_035666135.1,MASH_0061,1,development,dissertation_v1,20260820,0.01,8b31e8fe5cf15b6de88e8175fe1ec9700646e2684d50dccb19bbdc26ca47efea
GCF_040543095.1,MASH_0062,1,development,dissertation_v1,20260820,0.01,8b31e8fe5cf15b6de88e8175fe1ec9700646e2684d50dccb19bbdc26ca47efea
GCF_042151695.1,MASH_0064,1,development,dissertation_v1,20260820,0.01,8b31e8fe5cf15b6de88e8175fe1ec9700646e2684d50dccb19bbdc26ca47efea
GCF_051521805.1,MASH_0067,1,development,dissertation_v1,20260820,0.01,8b31e8fe5cf15b6de88e8175fe1ec9700646e2684d50dccb19bbdc26ca47efea
GCF_053852035.1,MASH_0071,1,development,dissertation_v1,20260820,0.01,8b31e8fe5cf15b6de88e8175fe1ec9700646e2684d50dccb19bbdc26ca47efea
GCF_055381115.1,MASH_0073,1,development,dissertation_v1,20260820,0.01,8b31e8fe5cf15b6de88e8175fe1ec9700646e2684d50dccb19bbdc26ca47efea
GCA_024106315.2,MASH_0003,5,test,dissertation_v1,20260820,0.01,8b31e8fe5cf15b6de88e8175fe1ec9700646e2684d50dccb19bbdc26ca47efea
GCA_038627335.2,MASH_0003,5,test,dissertation_v1,20260820,0.01,8b31e8fe5cf15b6de88e8175fe1ec9700646e2684d50dccb19bbdc26ca47efea
GCA_052393145.1,MASH_0003,5,test,dissertation_v1,20260820,0.01,8b31e8fe5cf15b6de88e8175fe1ec9700646e2684d50dccb19bbdc26ca47efea
GCF_003949725.2,MASH_0003,5,test,dissertation_v1,20260820,0.01,8b31e8fe5cf15b6de88e8175fe1ec9700646e2684d50dccb19bbdc26ca47efea
GCF_016864915.1,MASH_0003,5,test,dissertation_v1,20260820,0.01,8b31e8fe5cf15b6de88e8175fe1ec9700646e2684d50dccb19bbdc26ca47efea
GCA_040801815.1,MASH_0005,4,test,dissertation_v1,20260820,0.01,8b31e8fe5cf15b6de88e8175fe1ec9700646e2684d50dccb19bbdc26ca47efea
GCF_041154825.1,MASH_0005,4,test,dissertation_v1,20260820,0.01,8b31e8fe5cf15b6de88e8175fe1ec9700646e2684d50dccb19bbdc26ca47efea
GCF_052052845.1,MASH_0005,4,test,dissertation_v1,20260820,0.01,8b31e8fe5cf15b6de88e8175fe1ec9700646e2684d50dccb19bbdc26ca47efea
GCF_056429785.1,MASH_0005,4,test,dissertation_v1,20260820,0.01,8b31e8fe5cf15b6de88e8175fe1ec9700646e2684d50dccb19bbdc26ca47efea
GCA_052391035.1,MASH_0009,3,test,dissertation_v1,20260820,0.01,8b31e8fe5cf15b6de88e8175fe1ec9700646e2684d50dccb19bbdc26ca47efea
GCA_052395305.1,MASH_0009,3,test,dissertation_v1,20260820,0.01,8b31e8fe5cf15b6de88e8175fe1ec9700646e2684d50dccb19bbdc26ca47efea
GCA_052397405.1,MASH_0009,3,test,dissertation_v1,20260820,0.01,8b31e8fe5cf15b6de88e8175fe1ec9700646e2684d50dccb19bbdc26ca47efea
GCA_052393535.1,MASH_0011,3,test,dissertation_v1,20260820,0.01,8b31e8fe5cf15b6de88e8175fe1ec9700646e2684d50dccb19bbdc26ca47efea
GCF_003547115.1,MASH_0011,3,test,dissertation_v1,20260820,0.01,8b31e8fe5cf15b6de88e8175fe1ec9700646e2684d50dccb19bbdc26ca47efea
GCF_038442095.1,MASH_0011,3,test,dissertation_v1,20260820,0.01,8b31e8fe5cf15b6de88e8175fe1ec9700646e2684d50dccb19bbdc26ca47efea
GCA_052395065.1,MASH_0013,1,test,dissertation_v1,20260820,0.01,8b31e8fe5cf15b6de88e8175fe1ec9700646e2684d50dccb19bbdc26ca47efea
GCA_052397265.1,MASH_0019,1,test,dissertation_v1,20260820,0.01,8b31e8fe5cf15b6de88e8175fe1ec9700646e2684d50dccb19bbdc26ca47efea
GCA_052398745.1,MASH_0020,1,test,dissertation_v1,20260820,0.01,8b31e8fe5cf15b6de88e8175fe1ec9700646e2684d50dccb19bbdc26ca47efea
GCA_052399625.1,MASH_0022,1,test,dissertation_v1,20260820,0.01,8b31e8fe5cf15b6de88e8175fe1ec9700646e2684d50dccb19bbdc26ca47efea
GCA_052427735.1,MASH_0024,1,test,dissertation_v1,20260820,0.01,8b31e8fe5cf15b6de88e8175fe1ec9700646e2684d50dccb19bbdc26ca47efea
GCA_052681735.1,MASH_0031,2,test,dissertation_v1,20260820,0.01,8b31e8fe5cf15b6de88e8175fe1ec9700646e2684d50dccb19bbdc26ca47efea
GCF_042146535.1,MASH_0031,2,test,dissertation_v1,20260820,0.01,8b31e8fe5cf15b6de88e8175fe1ec9700646e2684d50dccb19bbdc26ca47efea
GCF_003006035.1,MASH_0035,14,test,dissertation_v1,20260820,0.01,8b31e8fe5cf15b6de88e8175fe1ec9700646e2684d50dccb19bbdc26ca47efea
GCF_005518095.1,MASH_0035,14,test,dissertation_v1,20260820,0.01,8b31e8fe5cf15b6de88e8175fe1ec9700646e2684d50dccb19bbdc26ca47efea
GCF_012934905.1,MASH_0035,14,test,dissertation_v1,20260820,0.01,8b31e8fe5cf15b6de88e8175fe1ec9700646e2684d50dccb19bbdc26ca47efea
GCF_018808925.1,MASH_0035,14,test,dissertation_v1,20260820,0.01,8b31e8fe5cf15b6de88e8175fe1ec9700646e2684d50dccb19bbdc26ca47efea
GCF_018831125.1,MASH_0035,14,test,dissertation_v1,20260820,0.01,8b31e8fe5cf15b6de88e8175fe1ec9700646e2684d50dccb19bbdc26ca47efea
GCF_030413705.1,MASH_0035,14,test,dissertation_v1,20260820,0.01,8b31e8fe5cf15b6de88e8175fe1ec9700646e2684d50dccb19bbdc26ca47efea
GCF_038442225.1,MASH_0035,14,test,dissertation_v1,20260820,0.01,8b31e8fe5cf15b6de88e8175fe1ec9700646e2684d50dccb19bbdc26ca47efea
GCF_038442275.1,MASH_0035,14,test,dissertation_v1,20260820,0.01,8b31e8fe5cf15b6de88e8175fe1ec9700646e2684d50dccb19bbdc26ca47efea
GCF_038442395.1,MASH_0035,14,test,dissertation_v1,20260820,0.01,8b31e8fe5cf15b6de88e8175fe1ec9700646e2684d50dccb19bbdc26ca47efea
GCF_050164325.1,MASH_0035,14,test,dissertation_v1,20260820,0.01,8b31e8fe5cf15b6de88e8175fe1ec9700646e2684d50dccb19bbdc26ca47efea
GCF_053819165.1,MASH_0035,14,test,dissertation_v1,20260820,0.01,8b31e8fe5cf15b6de88e8175fe1ec9700646e2684d50dccb19bbdc26ca47efea
GCF_053819345.1,MASH_0035,14,test,dissertation_v1,20260820,0.01,8b31e8fe5cf15b6de88e8175fe1ec9700646e2684d50dccb19bbdc26ca47efea
GCF_053891325.1,MASH_0035,14,test,dissertation_v1,20260820,0.01,8b31e8fe5cf15b6de88e8175fe1ec9700646e2684d50dccb19bbdc26ca47efea
GCF_054898395.1,MASH_0035,14,test,dissertation_v1,20260820,0.01,8b31e8fe5cf15b6de88e8175fe1ec9700646e2684d50dccb19bbdc26ca47efea
GCF_013377175.1,MASH_0041,1,test,dissertation_v1,20260820,0.01,8b31e8fe5cf15b6de88e8175fe1ec9700646e2684d50dccb19bbdc26ca47efea
GCF_019903195.1,MASH_0047,1,test,dissertation_v1,20260820,0.01,8b31e8fe5cf15b6de88e8175fe1ec9700646e2684d50dccb19bbdc26ca47efea
GCF_024749605.1,MASH_0053,1,test,dissertation_v1,20260820,0.01,8b31e8fe5cf15b6de88e8175fe1ec9700646e2684d50dccb19bbdc26ca47efea
GCF_034494405.1,MASH_0060,1,test,dissertation_v1,20260820,0.01,8b31e8fe5cf15b6de88e8175fe1ec9700646e2684d50dccb19bbdc26ca47efea
GCF_043572945.1,MASH_0066,1,test,dissertation_v1,20260820,0.01,8b31e8fe5cf15b6de88e8175fe1ec9700646e2684d50dccb19bbdc26ca47efea
GCF_051547485.1,MASH_0068,1,test,dissertation_v1,20260820,0.01,8b31e8fe5cf15b6de88e8175fe1ec9700646e2684d50dccb19bbdc26ca47efea
GCF_052216905.1,MASH_0069,1,test,dissertation_v1,20260820,0.01,8b31e8fe5cf15b6de88e8175fe1ec9700646e2684d50dccb19bbdc26ca47efea
GCF_054898345.1,MASH_0072,1,test,dissertation_v1,20260820,0.01,8b31e8fe5cf15b6de88e8175fe1ec9700646e2684d50dccb19bbdc26ca47efea
GCA_014880215.2,MASH_0001,7,validation,dissertation_v1,20260820,0.01,8b31e8fe5cf15b6de88e8175fe1ec9700646e2684d50dccb19bbdc26ca47efea
GCA_022107375.2,MASH_0001,7,validation,dissertation_v1,20260820,0.01,8b31e8fe5cf15b6de88e8175fe1ec9700646e2684d50dccb19bbdc26ca47efea
GCA_023615745.2,MASH_0001,7,validation,dissertation_v1,20260820,0.01,8b31e8fe5cf15b6de88e8175fe1ec9700646e2684d50dccb19bbdc26ca47efea
GCA_040273435.2,MASH_0001,7,validation,dissertation_v1,20260820,0.01,8b31e8fe5cf15b6de88e8175fe1ec9700646e2684d50dccb19bbdc26ca47efea
GCF_025853915.1,MASH_0001,7,validation,dissertation_v1,20260820,0.01,8b31e8fe5cf15b6de88e8175fe1ec9700646e2684d50dccb19bbdc26ca47efea
GCF_042140495.1,MASH_0001,7,validation,dissertation_v1,20260820,0.01,8b31e8fe5cf15b6de88e8175fe1ec9700646e2684d50dccb19bbdc26ca47efea
GCF_042141555.1,MASH_0001,7,validation,dissertation_v1,20260820,0.01,8b31e8fe5cf15b6de88e8175fe1ec9700646e2684d50dccb19bbdc26ca47efea
GCA_051641645.2,MASH_0006,2,validation,dissertation_v1,20260820,0.01,8b31e8fe5cf15b6de88e8175fe1ec9700646e2684d50dccb19bbdc26ca47efea
GCF_051776275.1,MASH_0006,2,validation,dissertation_v1,20260820,0.01,8b31e8fe5cf15b6de88e8175fe1ec9700646e2684d50dccb19bbdc26ca47efea
GCA_052390975.1,MASH_0008,1,validation,dissertation_v1,20260820,0.01,8b31e8fe5cf15b6de88e8175fe1ec9700646e2684d50dccb19bbdc26ca47efea
GCA_052396085.1,MASH_0016,1,validation,dissertation_v1,20260820,0.01,8b31e8fe5cf15b6de88e8175fe1ec9700646e2684d50dccb19bbdc26ca47efea
GCA_052398945.1,MASH_0021,1,validation,dissertation_v1,20260820,0.01,8b31e8fe5cf15b6de88e8175fe1ec9700646e2684d50dccb19bbdc26ca47efea
GCA_052399745.1,MASH_0023,2,validation,dissertation_v1,20260820,0.01,8b31e8fe5cf15b6de88e8175fe1ec9700646e2684d50dccb19bbdc26ca47efea
GCA_052437165.1,MASH_0023,2,validation,dissertation_v1,20260820,0.01,8b31e8fe5cf15b6de88e8175fe1ec9700646e2684d50dccb19bbdc26ca47efea
GCA_052428965.1,MASH_0025,1,validation,dissertation_v1,20260820,0.01,8b31e8fe5cf15b6de88e8175fe1ec9700646e2684d50dccb19bbdc26ca47efea
GCA_052438345.1,MASH_0028,1,validation,dissertation_v1,20260820,0.01,8b31e8fe5cf15b6de88e8175fe1ec9700646e2684d50dccb19bbdc26ca47efea
GCA_052439725.1,MASH_0029,1,validation,dissertation_v1,20260820,0.01,8b31e8fe5cf15b6de88e8175fe1ec9700646e2684d50dccb19bbdc26ca47efea
GCF_001578145.1,MASH_0034,12,validation,dissertation_v1,20260820,0.01,8b31e8fe5cf15b6de88e8175fe1ec9700646e2684d50dccb19bbdc26ca47efea
GCF_001908295.1,MASH_0034,12,validation,dissertation_v1,20260820,0.01,8b31e8fe5cf15b6de88e8175fe1ec9700646e2684d50dccb19bbdc26ca47efea
GCF_002082805.1,MASH_0034,12,validation,dissertation_v1,20260820,0.01,8b31e8fe5cf15b6de88e8175fe1ec9700646e2684d50dccb19bbdc26ca47efea
GCF_012935105.1,MASH_0034,12,validation,dissertation_v1,20260820,0.01,8b31e8fe5cf15b6de88e8175fe1ec9700646e2684d50dccb19bbdc26ca47efea
GCF_012935125.1,MASH_0034,12,validation,dissertation_v1,20260820,0.01,8b31e8fe5cf15b6de88e8175fe1ec9700646e2684d50dccb19bbdc26ca47efea
GCF_023981045.1,MASH_0034,12,validation,dissertation_v1,20260820,0.01,8b31e8fe5cf15b6de88e8175fe1ec9700646e2684d50dccb19bbdc26ca47efea
GCF_040822385.1,MASH_0034,12,validation,dissertation_v1,20260820,0.01,8b31e8fe5cf15b6de88e8175fe1ec9700646e2684d50dccb19bbdc26ca47efea
GCF_041154835.1,MASH_0034,12,validation,dissertation_v1,20260820,0.01,8b31e8fe5cf15b6de88e8175fe1ec9700646e2684d50dccb19bbdc26ca47efea
GCF_042142205.1,MASH_0034,12,validation,dissertation_v1,20260820,0.01,8b31e8fe5cf15b6de88e8175fe1ec9700646e2684d50dccb19bbdc26ca47efea
GCF_043040895.1,MASH_0034,12,validation,dissertation_v1,20260820,0.01,8b31e8fe5cf15b6de88e8175fe1ec9700646e2684d50dccb19bbdc26ca47efea
GCF_051622705.1,MASH_0034,12,validation,dissertation_v1,20260820,0.01,8b31e8fe5cf15b6de88e8175fe1ec9700646e2684d50dccb19bbdc26ca47efea
GCF_052054865.1,MASH_0034,12,validation,dissertation_v1,20260820,0.01,8b31e8fe5cf15b6de88e8175fe1ec9700646e2684d50dccb19bbdc26ca47efea
GCF_013416255.1,MASH_0042,3,validation,dissertation_v1,20260820,0.01,8b31e8fe5cf15b6de88e8175fe1ec9700646e2684d50dccb19bbdc26ca47efea
GCF_017726575.1,MASH_0042,3,validation,dissertation_v1,20260820,0.01,8b31e8fe5cf15b6de88e8175fe1ec9700646e2684d50dccb19bbdc26ca47efea
GCF_020912005.1,MASH_0042,3,validation,dissertation_v1,20260820,0.01,8b31e8fe5cf15b6de88e8175fe1ec9700646e2684d50dccb19bbdc26ca47efea
GCF_015571935.1,MASH_0044,1,validation,dissertation_v1,20260820,0.01,8b31e8fe5cf15b6de88e8175fe1ec9700646e2684d50dccb19bbdc26ca47efea
GCF_024139015.1,MASH_0050,1,validation,dissertation_v1,20260820,0.01,8b31e8fe5cf15b6de88e8175fe1ec9700646e2684d50dccb19bbdc26ca47efea
GCF_024139055.1,MASH_0051,6,validation,dissertation_v1,20260820,0.01,8b31e8fe5cf15b6de88e8175fe1ec9700646e2684d50dccb19bbdc26ca47efea
GCF_041154805.1,MASH_0051,6,validation,dissertation_v1,20260820,0.01,8b31e8fe5cf15b6de88e8175fe1ec9700646e2684d50dccb19bbdc26ca47efea
GCF_047772295.1,MASH_0051,6,validation,dissertation_v1,20260820,0.01,8b31e8fe5cf15b6de88e8175fe1ec9700646e2684d50dccb19bbdc26ca47efea
GCF_047772305.1,MASH_0051,6,validation,dissertation_v1,20260820,0.01,8b31e8fe5cf15b6de88e8175fe1ec9700646e2684d50dccb19bbdc26ca47efea
GCF_047772435.1,MASH_0051,6,validation,dissertation_v1,20260820,0.01,8b31e8fe5cf15b6de88e8175fe1ec9700646e2684d50dccb19bbdc26ca47efea
GCF_047772455.1,MASH_0051,6,validation,dissertation_v1,20260820,0.01,8b31e8fe5cf15b6de88e8175fe1ec9700646e2684d50dccb19bbdc26ca47efea
GCF_024749445.1,MASH_0052,1,validation,dissertation_v1,20260820,0.01,8b31e8fe5cf15b6de88e8175fe1ec9700646e2684d50dccb19bbdc26ca47efea
GCF_028583465.1,MASH_0055,1,validation,dissertation_v1,20260820,0.01,8b31e8fe5cf15b6de88e8175fe1ec9700646e2684d50dccb19bbdc26ca47efea
GCF_041930545.1,MASH_0063,1,validation,dissertation_v1,20260820,0.01,8b31e8fe5cf15b6de88e8175fe1ec9700646e2684d50dccb19bbdc26ca47efea
GCF_043056915.1,MASH_0065,1,validation,dissertation_v1,20260820,0.01,8b31e8fe5cf15b6de88e8175fe1ec9700646e2684d50dccb19bbdc26ca47efea
GCF_053175695.1,MASH_0070,1,validation,dissertation_v1,20260820,0.01,8b31e8fe5cf15b6de88e8175fe1ec9700646e2684d50dccb19bbdc26ca47efea
