record_type,entity_id,seed,epoch,validation_scope,metric,k_definition,estimate,median_across_genomes,mean_across_lineages,lineage_bootstrap_ci_low,lineage_bootstrap_ci_high,n_genomes,n_lineages,training_loss,huber_loss,ranking_loss,rank_weight,epoch_runtime_seconds,cumulative_training_runtime_seconds,checkpoint_sha256,status,notes
learning_curve,member_seed_11,11.0,1.0,fixed_512_windows_per_validation_genome,mean_within_genome_spearman,,0.0464213264862023,,,,,,,0.3809294987127977,0.3809294987127977,0.69455160236589,0.0,225.84412110003177,225.84412110003177,see_epoch_checkpoint,valid,CPU runtime; peak GPU memory not available
learning_curve,member_seed_11,11.0,2.0,fixed_512_windows_per_validation_genome,mean_within_genome_spearman,,0.1405150783100884,,,,,,,0.37250640534836316,0.37250640534836316,0.6916256227355072,0.0,233.45864329999313,459.3027644000249,see_epoch_checkpoint,valid,CPU runtime; peak GPU memory not available
learning_curve,member_seed_11,11.0,3.0,fixed_512_windows_per_validation_genome,mean_within_genome_spearman,,0.1994731237030165,,,,,,,0.3662882424926988,0.3662882424926988,0.6856338635158999,0.0,230.70099100004882,690.0037554000737,see_epoch_checkpoint,valid,CPU runtime; peak GPU memory not available
learning_curve,member_seed_11,11.0,4.0,fixed_512_windows_per_validation_genome,mean_within_genome_spearman,,0.14271638672355624,,,,,,,3.0978388826628236,0.3679195892263726,0.682479822261322,4.0,255.51680819998728,945.520563600061,7323980992f3009f384db0dde017893a28831a646639da8008e6f25aa461ebdf,valid,CPU runtime; peak GPU memory not available
learning_curve,member_seed_23,23.0,1.0,fixed_512_windows_per_validation_genome,mean_within_genome_spearman,,0.02506865793297197,,,,,,,0.37754941785681073,0.37754941785681073,0.6953829335417725,0.0,237.483950200025,237.483950200025,see_epoch_checkpoint,valid,CPU runtime; peak GPU memory not available
learning_curve,member_seed_23,23.0,2.0,fixed_512_windows_per_validation_genome,mean_within_genome_spearman,,0.08608368079675043,,,,,,,0.3738446396186156,0.3738446396186156,0.6926390828141844,0.0,292.31065539998235,529.7946056000073,see_epoch_checkpoint,valid,CPU runtime; peak GPU memory not available
learning_curve,member_seed_23,23.0,3.0,fixed_512_windows_per_validation_genome,mean_within_genome_spearman,,0.17688583368433047,,,,,,,0.3710336074736959,0.3710336074736959,0.6900198129928055,0.0,216.33037270000204,746.1249783000094,see_epoch_checkpoint,valid,CPU runtime; peak GPU memory not available
learning_curve,member_seed_23,23.0,4.0,fixed_512_windows_per_validation_genome,mean_within_genome_spearman,,0.22234637718220587,,,,,,,3.1053069622620293,0.37072929135267285,0.6836444181232637,4.0,210.93109639995964,957.056074699969,28e2c66012af684229405e598b5cbf274d5c998213bb18474deb6a2c0ccfb67b,valid,CPU runtime; peak GPU memory not available
learning_curve,member_seed_37,37.0,1.0,fixed_512_windows_per_validation_genome,mean_within_genome_spearman,,0.1259633932021794,,,,,,,0.37581975261370343,0.37581975261370343,0.6939040755016216,0.0,208.65121229999932,208.65121229999932,see_epoch_checkpoint,valid,CPU runtime; peak GPU memory not available
learning_curve,member_seed_37,37.0,2.0,fixed_512_windows_per_validation_genome,mean_within_genome_spearman,,0.2009649127247691,,,,,,,0.36969971779176003,0.36969971779176003,0.6867907859277034,0.0,199.5385973000084,408.1898096000077,see_epoch_checkpoint,valid,CPU runtime; peak GPU memory not available
learning_curve,member_seed_37,37.0,3.0,fixed_512_windows_per_validation_genome,mean_within_genome_spearman,,0.22786282595344823,,,,,,,0.3632368166089634,0.3632368166089634,0.6806056267685361,0.0,197.6583288999973,605.848138500005,see_epoch_checkpoint,valid,CPU runtime; peak GPU memory not available
learning_curve,member_seed_37,37.0,4.0,fixed_512_windows_per_validation_genome,mean_within_genome_spearman,,0.2449157239964077,,,,,,,3.0741650873912127,0.3666079137924213,0.6768892925718556,4.0,197.93057969998335,803.7787181999884,6e84577aff38efc48b2e8899f15fa8e45dc820ebf70e0c2ac0029a968ebaf41c,valid,CPU runtime; peak GPU memory not available
learning_curve,member_seed_53,53.0,1.0,fixed_512_windows_per_validation_genome,mean_within_genome_spearman,,0.1422197859265432,,,,,,,0.37501791933020534,0.37501791933020534,0.6930441752724026,0.0,196.0935191999888,196.0935191999888,see_epoch_checkpoint,valid,CPU runtime; peak GPU memory not available
learning_curve,member_seed_53,53.0,2.0,fixed_512_windows_per_validation_genome,mean_within_genome_spearman,,0.20869978470111053,,,,,,,0.36621558025551304,0.36621558025551304,0.6856579306908852,0.0,196.77732619998278,392.8708453999716,see_epoch_checkpoint,valid,CPU runtime; peak GPU memory not available
learning_curve,member_seed_53,53.0,3.0,fixed_512_windows_per_validation_genome,mean_within_genome_spearman,,0.22411557720652506,,,,,,,0.3617912396284693,0.3617912396284693,0.6804633549446069,0.0,192.07311739999568,584.9439627999673,see_epoch_checkpoint,valid,CPU runtime; peak GPU memory not available
learning_curve,member_seed_53,53.0,4.0,fixed_512_windows_per_validation_genome,mean_within_genome_spearman,,0.2535709430169815,,,,,,,3.079164347210944,0.3648576241904411,0.6785766806291498,4.0,197.49123350001173,782.435196299979,d6a772b890e0dc99769d212251045cede6c6dfd913736ee8811363932293d175,valid,CPU runtime; peak GPU memory not available
learning_curve,member_seed_71,71.0,1.0,fixed_512_windows_per_validation_genome,mean_within_genome_spearman,,0.020657310696329936,,,,,,,0.3818140813837881,0.3818140813837881,0.6951729591917877,0.0,190.77357550000306,190.77357550000306,see_epoch_checkpoint,valid,CPU runtime; peak GPU memory not available
learning_curve,member_seed_71,71.0,2.0,fixed_512_windows_per_validation_genome,mean_within_genome_spearman,,0.0788388295927844,,,,,,,0.37410135703962205,0.37410135703962205,0.6931338311681425,0.0,212.24673549999716,403.0203110000002,see_epoch_checkpoint,valid,CPU runtime; peak GPU memory not available
learning_curve,member_seed_71,71.0,3.0,fixed_512_windows_per_validation_genome,mean_within_genome_spearman,,0.15459022047079138,,,,,,,0.37302937275833553,0.37302937275833553,0.6914585550914064,0.0,220.251714300015,623.2720253000152,see_epoch_checkpoint,valid,CPU runtime; peak GPU memory not available
learning_curve,member_seed_71,71.0,4.0,fixed_512_windows_per_validation_genome,mean_within_genome_spearman,,0.22160131113674764,,,,,,,3.1067894985134474,0.37178965301617334,0.6837499602405346,4.0,204.23376010003267,827.5057854000479,12c043a9d6480e1e118bf8a12cb4f79379cf65d48b11e8840bb24fc0b68bad30,valid,CPU runtime; peak GPU memory not available
final_validation_metric,member_seed_11,11.0,4.0,full_validation,ndcg_at_k,fixed_100,0.2893041270485099,0.29235957737265833,0.2868113833980126,0.277019613577187,0.29612576321059647,45.0,19.0,,,,,,945.520563600061,7323980992f3009f384db0dde017893a28831a646639da8008e6f25aa461ebdf,valid,full inference seconds=189.887; peak GPU memory n/a
final_validation_metric,member_seed_11,11.0,4.0,full_validation,ndcg_at_k,top_1_percent,0.28448187939589864,0.28533253858836394,0.281086844462944,0.26926880887814886,0.29175196876259846,45.0,19.0,,,,,,945.520563600061,7323980992f3009f384db0dde017893a28831a646639da8008e6f25aa461ebdf,valid,full inference seconds=189.887; peak GPU memory n/a
final_validation_metric,member_seed_11,11.0,4.0,full_validation,ndcg_at_k,top_5_percent,0.3404179582998061,0.33939934632335345,0.33881222770973773,0.33241969588427944,0.3453580516422046,45.0,19.0,,,,,,945.520563600061,7323980992f3009f384db0dde017893a28831a646639da8008e6f25aa461ebdf,valid,full inference seconds=189.887; peak GPU memory n/a
final_validation_metric,member_seed_11,11.0,4.0,full_validation,recall_at_k,fixed_100,0.010444444444444447,0.01,0.011973684210526317,0.007280701754385965,0.01732456140350877,45.0,19.0,,,,,,945.520563600061,7323980992f3009f384db0dde017893a28831a646639da8008e6f25aa461ebdf,valid,full inference seconds=189.887; peak GPU memory n/a
final_validation_metric,member_seed_11,11.0,4.0,full_validation,recall_at_k,top_1_percent,0.00816265546096604,0.0,0.009223096768415087,0.004566022306471582,0.01466169585451317,45.0,19.0,,,,,,945.520563600061,7323980992f3009f384db0dde017893a28831a646639da8008e6f25aa461ebdf,valid,full inference seconds=189.887; peak GPU memory n/a
final_validation_metric,member_seed_11,11.0,4.0,full_validation,recall_at_k,top_5_percent,0.06692056545971382,0.06683804627249357,0.06612142640568933,0.06097491490455837,0.07097816049784728,45.0,19.0,,,,,,945.520563600061,7323980992f3009f384db0dde017893a28831a646639da8008e6f25aa461ebdf,valid,full inference seconds=189.887; peak GPU memory n/a
final_validation_metric,member_seed_11,11.0,4.0,full_validation,scalar_mae_training_target,,0.2279299840042187,0.2266879230402619,0.2254156939137296,0.2229502969909093,0.22799620590808609,45.0,19.0,,,,,,945.520563600061,7323980992f3009f384db0dde017893a28831a646639da8008e6f25aa461ebdf,valid,full inference seconds=189.887; peak GPU memory n/a
final_validation_metric,member_seed_11,11.0,4.0,full_validation,spearman,,0.15302757065759665,0.15445044988328552,0.15499359151904504,0.14834334730408202,0.16218417925454992,45.0,19.0,,,,,,945.520563600061,7323980992f3009f384db0dde017893a28831a646639da8008e6f25aa461ebdf,valid,full inference seconds=189.887; peak GPU memory n/a
final_validation_metric,member_seed_23,23.0,4.0,full_validation,ndcg_at_k,fixed_100,0.3055643139973015,0.30667694949690205,0.2968366577842758,0.28667303223807755,0.3075957481698372,45.0,19.0,,,,,,957.056074699969,28e2c66012af684229405e598b5cbf274d5c998213bb18474deb6a2c0ccfb67b,valid,full inference seconds=158.418; peak GPU memory n/a
final_validation_metric,member_seed_23,23.0,4.0,full_validation,ndcg_at_k,top_1_percent,0.3015762930785022,0.30233148476294563,0.2923809486875932,0.28188146524974705,0.3033416427554056,45.0,19.0,,,,,,957.056074699969,28e2c66012af684229405e598b5cbf274d5c998213bb18474deb6a2c0ccfb67b,valid,full inference seconds=158.418; peak GPU memory n/a
final_validation_metric,member_seed_23,23.0,4.0,full_validation,ndcg_at_k,top_5_percent,0.3633090872993512,0.36604109398715945,0.3571226745923356,0.3484051833745177,0.36600640334681994,45.0,19.0,,,,,,957.056074699969,28e2c66012af684229405e598b5cbf274d5c998213bb18474deb6a2c0ccfb67b,valid,full inference seconds=158.418; peak GPU memory n/a
final_validation_metric,member_seed_23,23.0,4.0,full_validation,recall_at_k,fixed_100,0.01377777777777778,0.01,0.01112781954887218,0.007894736842105263,0.014085526315789474,45.0,19.0,,,,,,957.056074699969,28e2c66012af684229405e598b5cbf274d5c998213bb18474deb6a2c0ccfb67b,valid,full inference seconds=158.418; peak GPU memory n/a
final_validation_metric,member_seed_23,23.0,4.0,full_validation,recall_at_k,top_1_percent,0.00978336194586902,0.0,0.0070964871736141615,0.003485971094742248,0.011321388521741933,45.0,19.0,,,,,,957.056074699969,28e2c66012af684229405e598b5cbf274d5c998213bb18474deb6a2c0ccfb67b,valid,full inference seconds=158.418; peak GPU memory n/a
final_validation_metric,member_seed_23,23.0,4.0,full_validation,recall_at_k,top_5_percent,0.08241452866194442,0.08415841584158416,0.07770010724630227,0.07020862948920577,0.08584367710119857,45.0,19.0,,,,,,957.056074699969,28e2c66012af684229405e598b5cbf274d5c998213bb18474deb6a2c0ccfb67b,valid,full inference seconds=158.418; peak GPU memory n/a
final_validation_metric,member_seed_23,23.0,4.0,full_validation,scalar_mae_training_target,,0.21036301447649258,0.2095846428169984,0.20727914926753746,0.20451245928386974,0.21014441171578932,45.0,19.0,,,,,,957.056074699969,28e2c66012af684229405e598b5cbf274d5c998213bb18474deb6a2c0ccfb67b,valid,full inference seconds=158.418; peak GPU memory n/a
final_validation_metric,member_seed_23,23.0,4.0,full_validation,spearman,,0.2208391420927353,0.22137703045368834,0.216724464523285,0.2107749862358609,0.22255461697023565,45.0,19.0,,,,,,957.056074699969,28e2c66012af684229405e598b5cbf274d5c998213bb18474deb6a2c0ccfb67b,valid,full inference seconds=158.418; peak GPU memory n/a
final_validation_metric,member_seed_37,37.0,4.0,full_validation,ndcg_at_k,fixed_100,0.3405051699119958,0.34745092053989424,0.3430147128517113,0.335333591343354,0.3508724746885819,45.0,19.0,,,,,,803.7787181999884,6e84577aff38efc48b2e8899f15fa8e45dc820ebf70e0c2ac0029a968ebaf41c,valid,full inference seconds=151.545; peak GPU memory n/a
final_validation_metric,member_seed_37,37.0,4.0,full_validation,ndcg_at_k,top_1_percent,0.3349018925473075,0.3336905637883137,0.33685391735365455,0.32883635605754813,0.34478487062160423,45.0,19.0,,,,,,803.7787181999884,6e84577aff38efc48b2e8899f15fa8e45dc820ebf70e0c2ac0029a968ebaf41c,valid,full inference seconds=151.545; peak GPU memory n/a
final_validation_metric,member_seed_37,37.0,4.0,full_validation,ndcg_at_k,top_5_percent,0.3998257465530894,0.4038691929758082,0.3999160775098796,0.394188562841943,0.40550590778346157,45.0,19.0,,,,,,803.7787181999884,6e84577aff38efc48b2e8899f15fa8e45dc820ebf70e0c2ac0029a968ebaf41c,valid,full inference seconds=151.545; peak GPU memory n/a
final_validation_metric,member_seed_37,37.0,4.0,full_validation,recall_at_k,fixed_100,0.012444444444444445,0.01,0.01305764411027569,0.008508771929824563,0.018483709273182963,45.0,19.0,,,,,,803.7787181999884,6e84577aff38efc48b2e8899f15fa8e45dc820ebf70e0c2ac0029a968ebaf41c,valid,full inference seconds=151.545; peak GPU memory n/a
final_validation_metric,member_seed_37,37.0,4.0,full_validation,recall_at_k,top_1_percent,0.009278148403118646,0.012195121951219513,0.010076520613820942,0.0045964513739911415,0.01780254210012633,45.0,19.0,,,,,,803.7787181999884,6e84577aff38efc48b2e8899f15fa8e45dc820ebf70e0c2ac0029a968ebaf41c,valid,full inference seconds=151.545; peak GPU memory n/a
final_validation_metric,member_seed_37,37.0,4.0,full_validation,recall_at_k,top_5_percent,0.07622365812809835,0.07671957671957672,0.07340084993840659,0.06643225096452961,0.08077922039478087,45.0,19.0,,,,,,803.7787181999884,6e84577aff38efc48b2e8899f15fa8e45dc820ebf70e0c2ac0029a968ebaf41c,valid,full inference seconds=151.545; peak GPU memory n/a
final_validation_metric,member_seed_37,37.0,4.0,full_validation,scalar_mae_training_target,,0.2074933286121949,0.2062386104946354,0.20415133053847528,0.20109261759530245,0.20723562820569685,45.0,19.0,,,,,,803.7787181999884,6e84577aff38efc48b2e8899f15fa8e45dc820ebf70e0c2ac0029a968ebaf41c,valid,full inference seconds=151.545; peak GPU memory n/a
final_validation_metric,member_seed_37,37.0,4.0,full_validation,spearman,,0.2490718636402663,0.24641736789694804,0.2470455823214831,0.24115121721817392,0.2536706782315786,45.0,19.0,,,,,,803.7787181999884,6e84577aff38efc48b2e8899f15fa8e45dc820ebf70e0c2ac0029a968ebaf41c,valid,full inference seconds=151.545; peak GPU memory n/a
final_validation_metric,member_seed_53,53.0,4.0,full_validation,ndcg_at_k,fixed_100,0.34535884386966165,0.34943061278461324,0.3407314199721366,0.330488927443121,0.3510848195963083,45.0,19.0,,,,,,782.435196299979,d6a772b890e0dc99769d212251045cede6c6dfd913736ee8811363932293d175,valid,full inference seconds=151.522; peak GPU memory n/a
final_validation_metric,member_seed_53,53.0,4.0,full_validation,ndcg_at_k,top_1_percent,0.338339513114903,0.3434726472848406,0.33402649712739446,0.3225531871147066,0.3451833766601658,45.0,19.0,,,,,,782.435196299979,d6a772b890e0dc99769d212251045cede6c6dfd913736ee8811363932293d175,valid,full inference seconds=151.522; peak GPU memory n/a
final_validation_metric,member_seed_53,53.0,4.0,full_validation,ndcg_at_k,top_5_percent,0.4063973298510288,0.40860979955720345,0.39985295092387535,0.39149361377888414,0.4077400810554052,45.0,19.0,,,,,,782.435196299979,d6a772b890e0dc99769d212251045cede6c6dfd913736ee8811363932293d175,valid,full inference seconds=151.522; peak GPU memory n/a
final_validation_metric,member_seed_53,53.0,4.0,full_validation,recall_at_k,fixed_100,0.010222222222222221,0.01,0.009197994987468672,0.005087719298245615,0.013734649122807018,45.0,19.0,,,,,,782.435196299979,d6a772b890e0dc99769d212251045cede6c6dfd913736ee8811363932293d175,valid,full inference seconds=151.522; peak GPU memory n/a
final_validation_metric,member_seed_53,53.0,4.0,full_validation,recall_at_k,top_1_percent,0.007245395697518808,0.0,0.005580755862325731,0.002013094854858882,0.010219987032258317,45.0,19.0,,,,,,782.435196299979,d6a772b890e0dc99769d212251045cede6c6dfd913736ee8811363932293d175,valid,full inference seconds=151.522; peak GPU memory n/a
final_validation_metric,member_seed_53,53.0,4.0,full_validation,recall_at_k,top_5_percent,0.09609330820449842,0.10025706940874037,0.09077681926371203,0.08242777204514097,0.09804386061591959,45.0,19.0,,,,,,782.435196299979,d6a772b890e0dc99769d212251045cede6c6dfd913736ee8811363932293d175,valid,full inference seconds=151.522; peak GPU memory n/a
final_validation_metric,member_seed_53,53.0,4.0,full_validation,scalar_mae_training_target,,0.2079150214385349,0.20695089517174065,0.20488498638323502,0.20199176166648283,0.2079594070635187,45.0,19.0,,,,,,782.435196299979,d6a772b890e0dc99769d212251045cede6c6dfd913736ee8811363932293d175,valid,full inference seconds=151.522; peak GPU memory n/a
final_validation_metric,member_seed_53,53.0,4.0,full_validation,spearman,,0.25386378656790654,0.25431589335415455,0.25051404327624954,0.24388732793816756,0.25700839702818756,45.0,19.0,,,,,,782.435196299979,d6a772b890e0dc99769d212251045cede6c6dfd913736ee8811363932293d175,valid,full inference seconds=151.522; peak GPU memory n/a
final_validation_metric,member_seed_71,71.0,4.0,full_validation,ndcg_at_k,fixed_100,0.35505195981831134,0.35501814271380494,0.352743928053396,0.34213598879887397,0.36336172388340077,45.0,19.0,,,,,,827.5057854000479,12c043a9d6480e1e118bf8a12cb4f79379cf65d48b11e8840bb24fc0b68bad30,valid,full inference seconds=161.544; peak GPU memory n/a
final_validation_metric,member_seed_71,71.0,4.0,full_validation,ndcg_at_k,top_1_percent,0.3487759214070891,0.3507862942964491,0.34779415451640194,0.3360128522916423,0.35980078379833946,45.0,19.0,,,,,,827.5057854000479,12c043a9d6480e1e118bf8a12cb4f79379cf65d48b11e8840bb24fc0b68bad30,valid,full inference seconds=161.544; peak GPU memory n/a
final_validation_metric,member_seed_71,71.0,4.0,full_validation,ndcg_at_k,top_5_percent,0.40920037648753815,0.4116428662414294,0.4049222414050575,0.3966080836980354,0.41261521618021985,45.0,19.0,,,,,,827.5057854000479,12c043a9d6480e1e118bf8a12cb4f79379cf65d48b11e8840bb24fc0b68bad30,valid,full inference seconds=161.544; peak GPU memory n/a
final_validation_metric,member_seed_71,71.0,4.0,full_validation,recall_at_k,fixed_100,0.012,0.01,0.012036340852130328,0.007412280701754387,0.0175187969924812,45.0,19.0,,,,,,827.5057854000479,12c043a9d6480e1e118bf8a12cb4f79379cf65d48b11e8840bb24fc0b68bad30,valid,full inference seconds=161.544; peak GPU memory n/a
final_validation_metric,member_seed_71,71.0,4.0,full_validation,recall_at_k,top_1_percent,0.00787147090188091,0.0,0.008351040639809388,0.003912787701809582,0.013748499568115762,45.0,19.0,,,,,,827.5057854000479,12c043a9d6480e1e118bf8a12cb4f79379cf65d48b11e8840bb24fc0b68bad30,valid,full inference seconds=161.544; peak GPU memory n/a
final_validation_metric,member_seed_71,71.0,4.0,full_validation,recall_at_k,top_5_percent,0.09112902410432626,0.0893719806763285,0.08592266162161136,0.07828199351849159,0.09304247958131659,45.0,19.0,,,,,,827.5057854000479,12c043a9d6480e1e118bf8a12cb4f79379cf65d48b11e8840bb24fc0b68bad30,valid,full inference seconds=161.544; peak GPU memory n/a
final_validation_metric,member_seed_71,71.0,4.0,full_validation,scalar_mae_training_target,,0.20961864692256707,0.20815529762878693,0.20629366859095713,0.20309985948357973,0.20948062088760216,45.0,19.0,,,,,,827.5057854000479,12c043a9d6480e1e118bf8a12cb4f79379cf65d48b11e8840bb24fc0b68bad30,valid,full inference seconds=161.544; peak GPU memory n/a
final_validation_metric,member_seed_71,71.0,4.0,full_validation,spearman,,0.22637598076210808,0.2237673939803742,0.22202147965524094,0.21526834213550192,0.22886447751396743,45.0,19.0,,,,,,827.5057854000479,12c043a9d6480e1e118bf8a12cb4f79379cf65d48b11e8840bb24fc0b68bad30,valid,full inference seconds=161.544; peak GPU memory n/a
final_validation_metric,ensemble_mean,,,full_validation,ndcg_at_k,fixed_100,0.35345912172438604,0.35600939989970726,0.35348227996554443,0.3448860973180419,0.36213180586516064,45.0,19.0,,,,,,,,valid,mean of five frozen member ranking scores
final_validation_metric,ensemble_mean,,,full_validation,ndcg_at_k,top_1_percent,0.34683176722158043,0.351072430967541,0.34635493604362794,0.3371726769397342,0.3556290783368814,45.0,19.0,,,,,,,,valid,mean of five frozen member ranking scores
final_validation_metric,ensemble_mean,,,full_validation,ndcg_at_k,top_5_percent,0.41277833597756136,0.4176397794096822,0.4117103507290197,0.40470817685557126,0.4178152703070719,45.0,19.0,,,,,,,,valid,mean of five frozen member ranking scores
final_validation_metric,ensemble_mean,,,full_validation,recall_at_k,fixed_100,0.014222222222222223,0.01,0.013502506265664162,0.008283208020050127,0.01977553258145363,45.0,19.0,,,,,,,,valid,mean of five frozen member ranking scores
final_validation_metric,ensemble_mean,,,full_validation,recall_at_k,top_1_percent,0.010875658244192085,0.012195121951219513,0.008869259520167191,0.003723141183202949,0.014838740615241491,45.0,19.0,,,,,,,,valid,mean of five frozen member ranking scores
final_validation_metric,ensemble_mean,,,full_validation,recall_at_k,top_5_percent,0.09493499333578921,0.09487179487179487,0.09060149383184003,0.08311443489150694,0.09811329834012679,45.0,19.0,,,,,,,,valid,mean of five frozen member ranking scores
final_validation_metric,ensemble_mean,,,full_validation,scalar_mae_training_target,,0.20905695576540226,0.20828365381088226,0.20594220162587754,0.2032723125597658,0.20900177784127769,45.0,19.0,,,,,,,,valid,mean of five frozen member ranking scores
final_validation_metric,ensemble_mean,,,full_validation,spearman,,0.261910171934507,0.2612450401335972,0.2586341861107607,0.25173667266252314,0.26529342574476455,45.0,19.0,,,,,,,,valid,mean of five frozen member ranking scores
ensemble_diagnostic,seed_11_vs_seed_23,,,full_validation,pairwise_global_pearson,,0.5057491347785094,,,,,,,,,,,,,,valid,
ensemble_diagnostic,seed_11_vs_seed_23,,,full_validation,pairwise_mean_within_genome_spearman,,0.5316584760963775,,,,,,,,,,,,,,valid,
ensemble_diagnostic,seed_11_vs_seed_37,,,full_validation,pairwise_global_pearson,,0.46977082804814946,,,,,,,,,,,,,,valid,
ensemble_diagnostic,seed_11_vs_seed_37,,,full_validation,pairwise_mean_within_genome_spearman,,0.5295569648284528,,,,,,,,,,,,,,valid,
ensemble_diagnostic,seed_11_vs_seed_53,,,full_validation,pairwise_global_pearson,,0.49136736951334503,,,,,,,,,,,,,,valid,
ensemble_diagnostic,seed_11_vs_seed_53,,,full_validation,pairwise_mean_within_genome_spearman,,0.5592070458125413,,,,,,,,,,,,,,valid,
ensemble_diagnostic,seed_11_vs_seed_71,,,full_validation,pairwise_global_pearson,,0.2999833543439121,,,,,,,,,,,,,,valid,
ensemble_diagnostic,seed_11_vs_seed_71,,,full_validation,pairwise_mean_within_genome_spearman,,0.46639333834850805,,,,,,,,,,,,,,valid,
ensemble_diagnostic,seed_23_vs_seed_37,,,full_validation,pairwise_global_pearson,,0.7426320276633372,,,,,,,,,,,,,,valid,
ensemble_diagnostic,seed_23_vs_seed_37,,,full_validation,pairwise_mean_within_genome_spearman,,0.7960271194720502,,,,,,,,,,,,,,valid,
ensemble_diagnostic,seed_23_vs_seed_53,,,full_validation,pairwise_global_pearson,,0.8574693733706905,,,,,,,,,,,,,,valid,
ensemble_diagnostic,seed_23_vs_seed_53,,,full_validation,pairwise_mean_within_genome_spearman,,0.8597696928652911,,,,,,,,,,,,,,valid,
ensemble_diagnostic,seed_23_vs_seed_71,,,full_validation,pairwise_global_pearson,,0.6645395265134797,,,,,,,,,,,,,,valid,
ensemble_diagnostic,seed_23_vs_seed_71,,,full_validation,pairwise_mean_within_genome_spearman,,0.7458308692806428,,,,,,,,,,,,,,valid,
ensemble_diagnostic,seed_37_vs_seed_53,,,full_validation,pairwise_global_pearson,,0.8226577816650069,,,,,,,,,,,,,,valid,
ensemble_diagnostic,seed_37_vs_seed_53,,,full_validation,pairwise_mean_within_genome_spearman,,0.8724613851031121,,,,,,,,,,,,,,valid,
ensemble_diagnostic,seed_37_vs_seed_71,,,full_validation,pairwise_global_pearson,,0.8406744849036415,,,,,,,,,,,,,,valid,
ensemble_diagnostic,seed_37_vs_seed_71,,,full_validation,pairwise_mean_within_genome_spearman,,0.8793385510110545,,,,,,,,,,,,,,valid,
ensemble_diagnostic,seed_53_vs_seed_71,,,full_validation,pairwise_global_pearson,,0.7297157367105508,,,,,,,,,,,,,,valid,
ensemble_diagnostic,seed_53_vs_seed_71,,,full_validation,pairwise_mean_within_genome_spearman,,0.7859249121982177,,,,,,,,,,,,,,valid,
ensemble_diagnostic,ensemble_mean,,,full_validation,prediction_variance_distribution,min,6.13341857365694e-06,,,,,,,,,,,,,,valid,sample variance (ddof=1) across five scalar ranking scores
ensemble_diagnostic,ensemble_mean,,,full_validation,prediction_variance_distribution,q25,0.0018434619790444976,,,,,,,,,,,,,,valid,sample variance (ddof=1) across five scalar ranking scores
ensemble_diagnostic,ensemble_mean,,,full_validation,prediction_variance_distribution,median,0.0028340919652737806,,,,,,,,,,,,,,valid,sample variance (ddof=1) across five scalar ranking scores
ensemble_diagnostic,ensemble_mean,,,full_validation,prediction_variance_distribution,q75,0.0038117841770094335,,,,,,,,,,,,,,valid,sample variance (ddof=1) across five scalar ranking scores
ensemble_diagnostic,ensemble_mean,,,full_validation,prediction_variance_distribution,q90,0.004664891228758151,,,,,,,,,,,,,,valid,sample variance (ddof=1) across five scalar ranking scores
ensemble_diagnostic,ensemble_mean,,,full_validation,prediction_variance_distribution,q95,0.005165119648991965,,,,,,,,,,,,,,valid,sample variance (ddof=1) across five scalar ranking scores
ensemble_diagnostic,ensemble_mean,,,full_validation,prediction_variance_distribution,q99,0.006168949871277039,,,,,,,,,,,,,,valid,sample variance (ddof=1) across five scalar ranking scores
ensemble_diagnostic,ensemble_mean,,,full_validation,prediction_variance_distribution,max,0.019015280537291242,,,,,,,,,,,,,,valid,sample variance (ddof=1) across five scalar ranking scores
ensemble_diagnostic,ensemble_mean,,,full_validation,prediction_variance_distribution,mean,0.0028639069843333967,,,,,,,,,,,,,,valid,sample variance (ddof=1) across five scalar ranking scores
